<?xml version="1.0" encoding="UTF-8" ?>
<XMLDB PATH="mod/jclic/db" VERSION="20140527" COMMENT="XMLDB file for Moodle mod/jclic"
    xmlns:xsi="http://www.w3.org/2001/XMLSchema-instance"
    xsi:noNamespaceSchemaLocation="../../../lib/xmldb/xmldb.xsd"
>
  <TABLES>
    <TABLE NAME="jclic" COMMENT="Main information about each jclic activity">
      <FIELDS>
        <FIELD NAME="id" TYPE="int" LENGTH="10" NOTNULL="true" SEQUENCE="true"/>
        <FIELD NAME="course" TYPE="int" LENGTH="10" NOTNULL="true" DEFAULT="0" SEQUENCE="false"/>
        <FIELD NAME="name" TYPE="char" LENGTH="255" NOTNULL="true" SEQUENCE="false"/>
        <FIELD NAME="intro" TYPE="text" NOTNULL="false" SEQUENCE="false"/>
        <FIELD NAME="introformat" TYPE="int" LENGTH="4" NOTNULL="true" DEFAULT="0" SEQUENCE="false" COMMENT="text format of intro field"/>
        <FIELD NAME="url" TYPE="char" LENGTH="255" NOTNULL="true" SEQUENCE="false"/>
        <FIELD NAME="skin" TYPE="char" LENGTH="20" NOTNULL="true" SEQUENCE="false"/>
        <FIELD NAME="maxattempts" TYPE="int" LENGTH="3" NOTNULL="false" DEFAULT="0" SEQUENCE="false"/>
        <FIELD NAME="width" TYPE="int" LENGTH="5" NOTNULL="false" DEFAULT="600" SEQUENCE="false"/>
        <FIELD NAME="height" TYPE="int" LENGTH="5" NOTNULL="false" DEFAULT="400" SEQUENCE="false"/>
        <FIELD NAME="avaluation" TYPE="char" LENGTH="10" NOTNULL="false" SEQUENCE="false"/>
        <FIELD NAME="maxgrade" TYPE="char" LENGTH="15" NOTNULL="false" SEQUENCE="false"/>
        <FIELD NAME="grade" TYPE="int" LENGTH="10" NOTNULL="true" DEFAULT="0" SEQUENCE="false"/>
        <FIELD NAME="lang" TYPE="char" LENGTH="10" NOTNULL="false" SEQUENCE="false"/>
        <FIELD NAME="exiturl" TYPE="char" LENGTH="255" NOTNULL="false" SEQUENCE="false"/>
        <FIELD NAME="timeavailable" TYPE="int" LENGTH="10" NOTNULL="true" DEFAULT="0" SEQUENCE="false"/>
        <FIELD NAME="timedue" TYPE="int" LENGTH="10" NOTNULL="true" DEFAULT="0" SEQUENCE="false"/>
      </FIELDS>
      <KEYS>
        <KEY NAME="primary" TYPE="primary" FIELDS="id" COMMENT="Primary key for jclic"/>
      </KEYS>
      <INDEXES>
        <INDEX NAME="course" UNIQUE="false" FIELDS="course"/>
      </INDEXES>
    </TABLE>
    <TABLE NAME="jclic_sessions" COMMENT="Main information about each jclic session">
      <FIELDS>
        <FIELD NAME="id" TYPE="int" LENGTH="10" NOTNULL="true" SEQUENCE="true"/>
        <FIELD NAME="jclicid" TYPE="int" LENGTH="10" NOTNULL="true" DEFAULT="0" SEQUENCE="false"/>
        <FIELD NAME="session_id" TYPE="char" LENGTH="50" NOTNULL="true" SEQUENCE="false" COMMENT="Field created for compatibility with JClic reports. It contains the same value that jclic_sessions.id"/>
        <FIELD NAME="user_id" TYPE="char" LENGTH="50" NOTNULL="true" DEFAULT="0" SEQUENCE="false"/>
        <FIELD NAME="session_datetime" TYPE="datetime" LENGTH="14" NOTNULL="true" SEQUENCE="false"/>
        <FIELD NAME="project_name" TYPE="char" LENGTH="100" NOTNULL="true" SEQUENCE="false"/>
        <FIELD NAME="session_key" TYPE="char" LENGTH="50" NOTNULL="false" SEQUENCE="false"/>
        <FIELD NAME="session_code" TYPE="char" LENGTH="50" NOTNULL="false" SEQUENCE="false"/>
        <FIELD NAME="session_context" TYPE="char" LENGTH="50" NOTNULL="false" SEQUENCE="false"/>
      </FIELDS>
      <KEYS>
        <KEY NAME="primary" TYPE="primary" FIELDS="id" COMMENT="Primary key for jclic_sessions"/>
      </KEYS>
      <INDEXES>
        <INDEX NAME="session_id" UNIQUE="true" FIELDS="session_id"/>
        <INDEX NAME="user_id" UNIQUE="false" FIELDS="user_id"/>
        <INDEX NAME="jclicid" UNIQUE="false" FIELDS="jclicid"/>
      </INDEXES>
    </TABLE>
    <TABLE NAME="jclic_activities" COMMENT="Stores user information for each jclic activity">
      <FIELDS>
        <FIELD NAME="id" TYPE="int" LENGTH="10" NOTNULL="true" SEQUENCE="true"/>
        <FIELD NAME="session_id" TYPE="char" LENGTH="50" NOTNULL="true" SEQUENCE="false"/>
        <FIELD NAME="activity_id" TYPE="int" LENGTH="5" NOTNULL="true" DEFAULT="0" SEQUENCE="false"/>
        <FIELD NAME="activity_name" TYPE="char" LENGTH="50" NOTNULL="true" SEQUENCE="false"/>
        <FIELD NAME="num_actions" TYPE="int" LENGTH="4" NOTNULL="false" SEQUENCE="false"/>
        <FIELD NAME="score" TYPE="int" LENGTH="4" NOTNULL="false" SEQUENCE="false"/>
        <FIELD NAME="activity_solved" TYPE="int" LENGTH="1" NOTNULL="false" SEQUENCE="false"/>
        <FIELD NAME="qualification" TYPE="int" LENGTH="3" NOTNULL="false" SEQUENCE="false"/>
        <FIELD NAME="total_time" TYPE="int" LENGTH="5" NOTNULL="false" SEQUENCE="false"/>
        <FIELD NAME="activity_code" TYPE="char" LENGTH="50" NOTNULL="false" SEQUENCE="false"/>
      </FIELDS>
      <KEYS>
        <KEY NAME="primary" TYPE="primary" FIELDS="id" COMMENT="Primary key for jclic_activities"/>
        <KEY NAME="jclic_activities_session_id" TYPE="foreign" FIELDS="session_id" REFTABLE="jclic_sessions" REFFIELDS="session_id"/>
      </KEYS>
    </TABLE>
    <TABLE NAME="jclic_settings" COMMENT="Stores settings information">
      <FIELDS>
        <FIELD NAME="id" TYPE="int" LENGTH="10" NOTNULL="true" SEQUENCE="true"/>
        <FIELD NAME="setting_key" TYPE="char" LENGTH="255" NOTNULL="true" SEQUENCE="false"/>
        <FIELD NAME="setting_value" TYPE="char" LENGTH="255" NOTNULL="true" SEQUENCE="false"/>
      </FIELDS>
      <KEYS>
        <KEY NAME="primary" TYPE="primary" FIELDS="id" COMMENT="Primary key for jclic_settings"/>
      </KEYS>
    </TABLE>
    <TABLE NAME="jclic_groups" COMMENT="Compatibility with JClic Reports">
      <FIELDS>
        <FIELD NAME="id" TYPE="int" LENGTH="10" NOTNULL="true" SEQUENCE="true"/>
        <FIELD NAME="group_id" TYPE="char" LENGTH="50" NOTNULL="true" SEQUENCE="false"/>
        <FIELD NAME="group_name" TYPE="char" LENGTH="80" NOTNULL="true" SEQUENCE="false"/>
        <FIELD NAME="group_description" TYPE="char" LENGTH="255" NOTNULL="false" SEQUENCE="false"/>
        <FIELD NAME="group_icon" TYPE="char" LENGTH="255" NOTNULL="false" SEQUENCE="false"/>
        <FIELD NAME="group_code" TYPE="char" LENGTH="50" NOTNULL="false" SEQUENCE="false"/>
        <FIELD NAME="group_keywords" TYPE="char" LENGTH="255" NOTNULL="false" SEQUENCE="false"/>
      </FIELDS>
      <KEYS>
        <KEY NAME="primary" TYPE="primary" FIELDS="id" COMMENT="Primary key for jclic_groups"/>
      </KEYS>
    </TABLE>
    <TABLE NAME="jclic_users" COMMENT="Compatibility with JClic Reports">
      <FIELDS>
        <FIELD NAME="id" TYPE="int" LENGTH="10" NOTNULL="true" SEQUENCE="true"/>
        <FIELD NAME="user_id" TYPE="char" LENGTH="50" NOTNULL="true" SEQUENCE="false"/>
        <FIELD NAME="group_id" TYPE="char" LENGTH="50" NOTNULL="true" SEQUENCE="false"/>
        <FIELD NAME="user_name" TYPE="char" LENGTH="80" NOTNULL="true" SEQUENCE="false"/>
        <FIELD NAME="user_pwd" TYPE="char" LENGTH="255" NOTNULL="false" SEQUENCE="false"/>
        <FIELD NAME="user_icon" TYPE="char" LENGTH="255" NOTNULL="false" SEQUENCE="false"/>
        <FIELD NAME="user_code" TYPE="char" LENGTH="50" NOTNULL="false" SEQUENCE="false"/>
        <FIELD NAME="user_keywords" TYPE="char" LENGTH="255" NOTNULL="false" SEQUENCE="false"/>
      </FIELDS>
      <KEYS>
        <KEY NAME="primary" TYPE="primary" FIELDS="id" COMMENT="Primary key for jclic_users"/>
      </KEYS>
    </TABLE>
  </TABLES>
</XMLDB>